City Name,Lat,Lng,Max Temp,Humidity,Cloudiness,Wind Speed,Country,Date
shrewsbury,52.7101,-2.7521,280.15,87.0,75.0,3.6,GB,1619568831.0
sangar,63.9242,127.4739,265.12,83.0,47.0,3.82,RU,1619568832.0
vaini,-21.2,-175.2,297.15,83.0,75.0,7.72,TO,1619568832.0
bredasdorp,-34.5322,20.0403,283.15,93.0,99.0,0.51,ZA,1619568721.0
chifeng,42.2683,118.9636,283.33,20.0,0.0,9.71,CN,1619568553.0
guilin,25.2819,110.2864,291.15,94.0,90.0,1.0,CN,1619568833.0
jamestown,42.097,-79.2353,295.15,43.0,20.0,4.12,US,1619568834.0
new norfolk,-42.7826,147.0587,289.82,72.0,91.0,2.24,AU,1619568835.0
champerico,14.3,-91.9167,299.15,89.0,75.0,2.06,GT,1619568836.0
blythe,33.6103,-114.5964,296.48,18.0,20.0,5.48,US,1619568837.0
odweyne,9.4092,45.06399999999999,296.85,64.0,26.0,2.86,SO,1619568837.0
hermanus,-34.4187,19.2345,286.48,85.0,97.0,2.2,ZA,1619568721.0
punta arenas,-53.15,-70.9167,279.15,87.0,90.0,4.63,CL,1619568838.0
izhma,65.0083,53.9113,273.74,96.0,100.0,1.79,RU,1619568838.0
kodiak,57.79,-152.4072,280.15,81.0,90.0,10.29,US,1619568788.0
navahrudak,53.6,25.8333,274.75,93.0,99.0,3.06,BY,1619568838.0
kapaa,22.0752,-159.319,298.71,83.0,75.0,3.6,US,1619568839.0
kamenka,51.3223,42.7678,277.59,79.0,88.0,3.02,RU,1619568777.0
qaanaaq,77.484,-69.3632,275.77,95.0,100.0,0.88,GL,1619568840.0
ushuaia,-54.8,-68.3,279.15,93.0,75.0,2.57,AR,1619568689.0
mataura,-46.1927,168.8643,281.06,71.0,99.0,1.03,NZ,1619568698.0
bluff,-46.6,168.3333,284.12,82.0,100.0,7.46,NZ,1619568841.0
saldanha,-33.0117,17.9442,287.15,88.0,98.0,1.03,ZA,1619568841.0
ust-ilimsk,58.0006,102.6619,271.95,67.0,16.0,1.34,RU,1619568726.0
fortuna,40.5982,-124.1573,289.26,67.0,20.0,5.14,US,1619568842.0
raudeberg,61.9875,5.1352,277.04,79.0,12.0,8.19,NO,1619568842.0
coihaique,-45.5752,-72.0662,280.15,93.0,75.0,1.54,CL,1619568843.0
caravelas,-17.7125,-39.2481,297.14,77.0,56.0,2.99,BR,1619568843.0
avarua,-21.2078,-159.775,301.15,74.0,20.0,4.12,CK,1619568784.0
yakeshi,49.2833,120.7333,272.68,91.0,100.0,7.79,CN,1619568844.0
te anau,-45.4167,167.7167,280.41,75.0,97.0,0.29,NZ,1619568714.0
piploda,23.35,75.4333,300.16,31.0,51.0,4.05,IN,1619568845.0
hilo,19.7297,-155.09,302.15,51.0,1.0,3.09,US,1619568186.0
tuktoyaktuk,69.4541,-133.0374,266.15,58.0,20.0,4.63,CA,1619568716.0
chalmette,29.9427,-89.9634,300.15,78.0,90.0,4.12,US,1619568845.0
busselton,-33.65,115.3333,290.81,85.0,29.0,1.63,AU,1619568846.0
hirara,24.8,125.2833,297.15,73.0,75.0,5.14,JP,1619568847.0
caohai,26.8661,104.2841,282.62,84.0,100.0,3.66,CN,1619568847.0
luderitz,-26.6481,15.1594,288.28,83.0,16.0,3.62,,1619568788.0
khatanga,71.9667,102.5,269.03,82.0,100.0,3.23,RU,1619568849.0
calbuco,-41.768,-73.1273,287.15,94.0,90.0,7.2,CL,1619568849.0
rikitea,-23.1203,-134.9692,298.25,73.0,41.0,4.91,PF,1619568700.0
tambo,-14.8,-73.9167,274.43,87.0,84.0,0.55,PE,1619568870.0
cotonou,6.3654,2.4183,302.15,84.0,40.0,4.63,BJ,1619568870.0
kemijarvi,66.7131,27.4306,265.55,96.0,70.0,1.89,FI,1619568871.0
east london,-33.0153,27.9116,291.36,72.0,81.0,4.92,ZA,1619568717.0
pisco,-13.7,-76.2167,292.15,88.0,0.0,4.12,PE,1619568871.0
saint george,37.1041,-113.5841,291.48,36.0,75.0,1.54,US,1619568768.0
vila franca do campo,37.7167,-25.4333,288.15,82.0,75.0,5.14,PT,1619568785.0
shimoda,34.6667,138.95,291.15,72.0,75.0,6.69,JP,1619568791.0
talnakh,69.4865,88.3972,270.78,80.0,99.0,5.17,RU,1619568823.0
satuk,41.2263,32.3836,283.6,69.0,60.0,1.8,TR,1619568873.0
georgetown,5.4112,100.3354,299.82,89.0,40.0,1.54,MY,1619568845.0
baykit,61.67,96.37,273.29,80.0,29.0,1.65,RU,1619568873.0
aguimes,27.9054,-15.4461,293.15,64.0,75.0,1.03,ES,1619568874.0
sola,-13.8833,167.55,299.95,67.0,59.0,4.34,VU,1619568874.0
lompoc,34.6391,-120.4579,288.71,63.0,0.0,7.2,US,1619568627.0
nueva guinea,11.6876,-84.4562,297.96,64.0,100.0,4.47,NI,1619568875.0
mar del plata,-38.0023,-57.5575,290.37,87.0,0.0,1.54,AR,1619568875.0
castro,-24.7911,-50.0119,286.3,75.0,0.0,1.02,BR,1619568876.0
kutum,14.2,24.6667,295.63,15.0,11.0,2.5,SD,1619568876.0
tasiilaq,65.6145,-37.6368,275.15,75.0,20.0,5.14,GL,1619568719.0
sirari,-1.2333,34.4333,289.13,90.0,65.0,1.87,TZ,1619568877.0
klaksvik,62.2266,-6.5889999999999995,277.15,87.0,75.0,3.6,FO,1619568800.0
dikson,73.5069,80.5464,273.11,97.0,100.0,8.06,RU,1619568877.0
saint-philippe,-21.3585,55.7679,298.15,78.0,90.0,3.09,RE,1619568878.0
pulaski,34.7668,-92.3001,297.59,73.0,90.0,3.6,US,1619568878.0
college,64.8569,-147.8028,282.04,19.0,75.0,3.09,US,1619568636.0
la ronge,55.1001,-105.2842,270.15,31.0,75.0,6.17,CA,1619568879.0
shunyi,40.125,116.6453,290.15,19.0,0.0,6.0,CN,1619568880.0
lebu,-37.6167,-73.65,286.38,96.0,70.0,0.89,CL,1619568716.0
cairns,-16.9167,145.7667,300.93,65.0,40.0,5.66,AU,1619568880.0
akhtubinsk,48.2795,46.1722,280.9,62.0,72.0,2.25,RU,1619568881.0
codrington,-38.2667,141.9667,286.69,70.0,60.0,1.64,AU,1619568881.0
zhuhai,22.2769,113.5678,298.15,88.0,40.0,4.63,CN,1619568882.0
kidal,18.4411,1.4078,307.03,15.0,82.0,2.55,ML,1619568882.0
hobart,-42.8794,147.3294,289.82,76.0,75.0,3.09,AU,1619568882.0
nouadhibou,20.930999999999997,-17.0347,292.15,88.0,0.0,5.14,MR,1619568730.0
upington,-28.4478,21.2561,287.15,47.0,7.0,2.06,ZA,1619568883.0
lorengau,-2.0226,147.2712,302.57,67.0,76.0,2.28,PG,1619568883.0
laguna,38.421,-121.4238,299.82,15.0,1.0,5.66,US,1619568884.0
vanimo,-2.6741,141.3028,302.49,67.0,19.0,1.01,PG,1619568833.0
cherskiy,68.75,161.3,270.26,80.0,46.0,5.63,RU,1619568884.0
manggar,-2.8833,108.2667,301.27,75.0,100.0,2.44,ID,1619568885.0
clyde river,70.4692,-68.5914,267.15,79.0,40.0,4.12,CA,1619568855.0
clovis,36.8252,-119.7029,297.04,24.0,40.0,3.6,US,1619568886.0
saskylakh,71.9167,114.0833,270.67,89.0,98.0,4.61,RU,1619568764.0
koumra,8.9126,17.5539,300.71,53.0,63.0,2.07,TD,1619568886.0
northam,51.0333,-4.2167,281.48,86.0,100.0,1.79,GB,1619568907.0
eureka,40.8021,-124.1637,290.37,76.0,1.0,6.17,US,1619568907.0
kholodnyy,62.7167,147.95,266.93,80.0,95.0,0.81,RU,1619568907.0
ca mau,9.1769,105.15,300.32,79.0,100.0,1.57,VN,1619568908.0
iqaluit,63.7506,-68.5145,268.15,74.0,20.0,3.6,CA,1619568908.0
nipawin,53.3668,-104.0009,274.15,47.0,40.0,4.63,CA,1619568881.0
longyearbyen,78.2186,15.6401,264.15,86.0,90.0,1.44,SJ,1619568909.0
albany,42.6001,-73.9662,288.71,41.0,97.0,0.61,US,1619568699.0
lumby,50.2498,-118.969,289.26,33.0,100.0,2.06,CA,1619568909.0
sosua,19.7667,-70.5167,299.15,73.0,20.0,4.26,DO,1619568910.0
kruisfontein,-34.0033,24.7314,285.93,90.0,71.0,0.45,ZA,1619568753.0
ratnagiri,16.9833,73.3,299.44,79.0,1.0,1.18,IN,1619568911.0
kedrovyy,56.1667,91.8167,275.15,100.0,40.0,1.0,RU,1619568911.0
cape town,-33.9258,18.4232,288.15,88.0,0.0,1.03,ZA,1619568881.0
warri,5.5167,5.75,298.62,91.0,100.0,1.58,NG,1619568912.0
baijiantan,45.6333,85.1833,287.47,27.0,78.0,2.42,CN,1619568912.0
nikolskoye,59.7035,30.7861,274.82,80.0,40.0,1.0,RU,1619568912.0
yellowknife,62.456,-114.3525,266.15,42.0,75.0,7.2,CA,1619568699.0
xining,36.6167,101.7667,274.47,66.0,13.0,0.31,CN,1619568913.0
marystown,47.1666,-55.1483,276.51,93.0,95.0,3.13,CA,1619568913.0
preston,53.7667,-2.7167,280.37,83.0,100.0,4.02,GB,1619568914.0
pandan,14.0453,124.1694,300.35,64.0,100.0,3.29,PH,1619568914.0
atuona,-9.8,-139.0333,299.71,73.0,73.0,5.98,PF,1619568915.0
ilave,-16.0833,-69.6667,277.63,56.0,61.0,1.51,PE,1619568915.0
mugur-aksy,50.35,90.5,273.27,82.0,90.0,2.81,RU,1619568916.0
bengkulu,-3.8004,102.2655,297.67,86.0,53.0,1.54,ID,1619568916.0
bethel,41.3712,-73.414,289.15,29.0,1.0,2.06,US,1619568745.0
yagoua,10.3411,15.2329,303.26,19.0,38.0,1.47,CM,1619568917.0
port alfred,-33.5906,26.891,291.66,79.0,77.0,4.01,ZA,1619568917.0
yaan,7.3833,8.5667,299.85,76.0,86.0,5.06,NG,1619568918.0
ola,59.5833,151.2833,270.28,72.0,10.0,1.14,RU,1619568918.0
lagoa,39.05,-27.9833,288.62,79.0,100.0,5.89,PT,1619568918.0
sauda,59.6506,6.3542,275.93,76.0,15.0,0.89,NO,1619568919.0
angoche,-16.2325,39.9086,297.73,87.0,41.0,1.07,MZ,1619568919.0
puerto ayora,-0.7393,-90.3518,297.58,86.0,28.0,3.47,EC,1619568920.0
powell river,49.8496,-124.5361,286.15,71.0,90.0,3.09,CA,1619568920.0
victoria,22.2855,114.1577,298.15,88.0,98.0,2.9,HK,1619568787.0
barrow,71.2906,-156.7887,266.15,86.0,90.0,3.6,US,1619568921.0
oliver,49.1831,-119.5524,292.15,27.0,100.0,1.03,CA,1619568921.0
chokurdakh,70.6333,147.9167,270.88,90.0,100.0,1.25,RU,1619568791.0
lavrentiya,65.5833,-171.0,272.88,92.0,100.0,1.97,RU,1619568922.0
arraial do cabo,-22.9661,-42.0278,294.15,94.0,75.0,2.06,BR,1619568747.0
zhob,31.3411,69.4481,294.38,29.0,34.0,1.32,PK,1619568922.0
madaba,31.5833,35.6667,289.15,62.0,0.0,2.06,JO,1619568923.0
hithadhoo,-0.6,73.0833,301.02,65.0,99.0,0.94,MV,1619568923.0
havre-saint-pierre,50.2334,-63.5986,278.15,93.0,90.0,2.06,CA,1619568852.0
amahai,-3.3333,128.9167,301.11,66.0,83.0,0.55,ID,1619568944.0
tabou,4.423,-7.3528,299.43,87.0,92.0,2.37,CI,1619568944.0
thompson,55.7435,-97.8558,269.15,46.0,75.0,7.72,CA,1619568747.0
lanzhou,36.0564,103.7922,273.15,100.0,31.0,1.0,CN,1619568945.0
gayeri,12.6497,0.4931,305.87,36.0,85.0,5.43,BF,1619568945.0
benjamin constant,-4.3831,-70.0311,298.15,94.0,0.0,1.03,BR,1619568946.0
sakakah,29.9697,40.2064,291.15,25.0,0.0,1.54,SA,1619568864.0
poya,-21.35,165.15,297.57,51.0,14.0,5.37,NC,1619568946.0
bambanglipuro,-7.95,110.2833,299.4,80.0,99.0,4.16,ID,1619568947.0
tiksi,71.6872,128.8694,261.95,82.0,64.0,3.99,RU,1619568947.0
butaritari,3.0707,172.7902,301.4,75.0,58.0,4.62,KI,1619568947.0
leningradskiy,69.3833,178.4167,268.91,81.0,76.0,6.12,RU,1619568948.0
fare,-16.7,-151.0167,300.53,71.0,36.0,3.84,PF,1619568948.0
bonavista,48.6499,-53.1147,276.15,93.0,100.0,3.09,CA,1619568906.0
batagay-alyta,67.8006,130.4114,262.66,81.0,74.0,1.25,RU,1619568949.0
tura,25.5198,90.2201,297.61,57.0,57.0,2.55,IN,1619568880.0
mount isa,-20.7333,139.5,299.15,29.0,0.0,4.63,AU,1619568949.0
pringsewu,-5.3582,104.9744,297.52,92.0,73.0,0.24,ID,1619568929.0
salinopolis,-0.6136,-47.3561,299.56,81.0,98.0,4.24,BR,1619568950.0
ciudad bolivar,8.1222,-63.5497,304.73,45.0,100.0,6.89,VE,1619568950.0
bambous virieux,-20.3428,57.7575,298.15,94.0,75.0,4.63,MU,1619568951.0
santa cruz de tenerife,28.4682,-16.2546,289.82,94.0,75.0,1.03,ES,1619568824.0
kamennogorsk,60.9545,29.1339,273.15,83.0,100.0,1.51,RU,1619568951.0
aplahoue,6.9333,1.6833,298.77,89.0,96.0,1.07,BJ,1619568952.0
catamarca,-28.4696,-65.7852,285.37,71.0,8.0,4.45,AR,1619568952.0
taltal,-25.4,-70.4833,289.91,82.0,29.0,0.67,CL,1619568952.0
damghan,36.1683,54.348,293.64,37.0,39.0,2.18,IR,1619568953.0
asau,46.4333,26.4,278.15,87.0,0.0,0.69,RO,1619568953.0
cotui,19.0527,-70.1494,299.15,83.0,75.0,2.57,DO,1619568954.0
dingle,10.9995,122.6711,299.26,77.0,99.0,3.45,PH,1619568954.0
nanortalik,60.1432,-45.2371,274.4,88.0,6.0,3.33,GL,1619568954.0
gualeguay,-33.1416,-59.3097,287.52,78.0,2.0,2.04,AR,1619568955.0
plouzane,48.3833,-4.6167,282.15,81.0,90.0,2.57,FR,1619568955.0
haimen,23.1935,116.6142,294.15,94.0,90.0,1.08,CN,1619568956.0
camacha,33.0833,-16.3333,290.15,88.0,40.0,2.06,PT,1619568765.0
avera,33.194,-82.5271,298.15,53.0,1.0,2.06,US,1619568733.0
norman wells,65.282,-126.8329,270.15,26.0,75.0,6.17,CA,1619568814.0
brae,60.3964,-1.3530000000000002,276.15,87.0,47.0,3.6,GB,1619568956.0
naron,43.5167,-8.1528,286.48,82.0,90.0,1.54,ES,1619568957.0
palana,59.1167,159.9667,270.52,79.0,86.0,4.7,RU,1619568957.0
kaitangata,-46.2817,169.8464,284.26,60.0,85.0,2.68,NZ,1619568958.0
ponta do sol,32.6667,-17.1,287.59,82.0,100.0,0.89,PT,1619568958.0
nampula,-15.1165,39.2666,296.15,94.0,40.0,1.03,MZ,1619568958.0
axim,4.8699,-2.2405,300.72,83.0,73.0,4.2,GH,1619568901.0
mahebourg,-20.4081,57.7,297.15,94.0,75.0,4.63,MU,1619568959.0
cabo san lucas,22.8909,-109.9124,297.04,52.0,1.0,8.23,MX,1619568801.0
soyo,-6.1349,12.3689,298.81,84.0,98.0,0.13,AO,1619568858.0
tchibanga,-2.85,11.0333,294.9,97.0,100.0,0.38,GA,1619568960.0
praia,14.9215,-23.5087,295.15,73.0,20.0,7.72,CV,1619568744.0
narsaq,60.9167,-46.05,278.15,65.0,2.0,1.54,GL,1619568980.0
fuerte,17.5381,120.3644,301.01,69.0,58.0,1.64,PH,1619568981.0
karratha,-20.7377,116.8463,299.02,24.0,0.0,6.14,AU,1619568981.0
vetluga,57.8557,45.781000000000006,276.34,97.0,100.0,0.78,RU,1619568981.0
makakilo city,21.3469,-158.0858,301.15,57.0,20.0,6.17,US,1619568739.0
ainazi,57.8636,24.3578,274.88,83.0,29.0,5.71,LV,1619568982.0
samarai,-10.6167,150.6667,298.47,84.0,100.0,3.49,PG,1619568983.0
ouadda,8.0777,22.4007,297.37,56.0,55.0,1.41,CF,1619568983.0
bolgatanga,10.7856,-0.8514,299.56,65.0,96.0,2.44,GH,1619568983.0
myrtle grove,30.421,-87.3075,297.15,83.0,90.0,3.6,US,1619568984.0
antofagasta,-23.65,-70.4,290.15,77.0,0.0,1.54,CL,1619568964.0
aromashevo,56.8602,68.6375,280.56,54.0,98.0,2.03,RU,1619568985.0
wattegama,6.7989,81.4808,296.57,93.0,80.0,1.18,LK,1619568985.0
zhanaozen,43.3,52.8,286.29,63.0,100.0,6.26,KZ,1619568986.0
rio grande,-32.035,-52.0986,283.15,93.0,45.0,4.2,BR,1619568986.0
chuy,-33.6971,-53.4616,285.37,79.0,0.0,2.89,UY,1619568728.0
torbay,47.6666,-52.7314,279.26,100.0,90.0,2.06,CA,1619568987.0
ancud,-41.8697,-73.8203,285.37,94.0,40.0,3.6,CL,1619568987.0
kahului,20.8947,-156.47,300.15,74.0,40.0,3.6,US,1619568855.0
saint-joseph,-21.3667,55.6167,298.15,78.0,90.0,3.09,RE,1619568988.0
hualmay,-11.0964,-77.6139,292.78,84.0,84.0,4.29,PE,1619568988.0
sterling,39.0062,-77.4286,299.15,41.0,75.0,3.6,US,1619568965.0
verkhnyaya inta,65.9811,60.3094,270.6,96.0,100.0,2.38,RU,1619568989.0
ribeira grande,38.5167,-28.7,289.06,80.0,95.0,5.58,PT,1619568989.0
vardo,70.3705,31.1107,271.73,78.0,100.0,7.86,NO,1619568725.0
esperance,-33.8667,121.9,289.15,100.0,40.0,1.54,AU,1619568990.0
geraldton,-28.7667,114.6,290.15,67.0,12.0,1.54,AU,1619568991.0
maldonado,-34.6667,-54.9167,288.15,77.0,20.0,1.54,UY,1619568991.0
qaqortoq,60.7167,-46.0333,278.15,65.0,1.0,1.54,GL,1619568992.0
mutata,7.2441,-76.4356,297.03,96.0,100.0,0.48,CO,1619568992.0
along,28.1667,94.7667,294.15,71.0,95.0,1.8,IN,1619568854.0
langevag,62.4375,6.1892,277.04,87.0,40.0,3.09,NO,1619568993.0
merauke,-8.4667,140.3333,300.77,78.0,49.0,1.28,ID,1619568993.0
nome,64.5011,-165.4064,279.15,52.0,1.0,1.54,US,1619568994.0
koumac,-20.5667,164.2833,298.06,56.0,1.0,7.8,NC,1619568994.0
kasempa,-13.4584,25.8338,291.4,89.0,100.0,1.63,ZM,1619568995.0
kinablangan,7.6947,126.5503,300.56,78.0,97.0,2.57,PH,1619568995.0
alice springs,-23.7,133.8833,290.15,36.0,0.0,3.09,AU,1619568996.0
burnie,-41.0667,145.9167,287.04,66.0,35.0,1.79,AU,1619568730.0
hamilton,39.1834,-84.5333,297.59,41.0,1.0,3.6,US,1619568996.0
pauini,-7.7136,-66.9764,295.77,97.0,61.0,1.09,BR,1619568997.0
encruzilhada do sul,-30.5439,-52.5219,282.51,67.0,0.0,2.03,BR,1619568997.0
port hardy,50.6996,-127.4199,282.15,100.0,90.0,3.6,CA,1619568998.0
carnarvon,-24.8667,113.6333,294.15,56.0,0.0,3.09,AU,1619568998.0
ahipara,-35.1667,173.1667,290.35,55.0,46.0,4.77,NZ,1619568798.0
yurginskoye,56.8189,67.3921,280.54,51.0,100.0,2.27,RU,1619568999.0
great yarmouth,52.6083,1.7305,280.93,87.0,85.0,3.6,GB,1619569020.0
primorsk,46.7348,36.3443,282.61,75.0,100.0,5.1,UA,1619569020.0
pevek,69.7008,170.3133,266.27,92.0,98.0,4.07,RU,1619568756.0
port blair,11.6667,92.75,300.3,71.0,72.0,1.98,IN,1619568772.0
mildura,-34.2,142.15,293.71,48.0,47.0,0.59,AU,1619569021.0
nyurba,63.2842,118.3319,268.87,70.0,28.0,1.4,RU,1619569022.0
kununurra,-15.7667,128.7333,302.15,79.0,40.0,1.54,AU,1619569022.0
segezha,63.7415,34.3222,270.97,81.0,100.0,1.84,RU,1619569023.0
bereda,43.2686,-7.5406,283.71,98.0,100.0,3.58,ES,1619568790.0
hongjiang,27.11,109.9956,288.98,95.0,80.0,1.49,CN,1619569023.0
egvekinot,66.3167,-179.1667,270.34,92.0,99.0,0.07,RU,1619569024.0
requena,39.4883,-1.1004,288.15,94.0,75.0,1.03,ES,1619569024.0
le port,-20.9373,55.2919,298.15,73.0,0.0,4.63,RE,1619568869.0
shache,38.4167,77.2406,287.76,20.0,0.0,0.31,CN,1619568969.0
kijang,35.2442,129.2139,293.15,49.0,0.0,1.54,KR,1619569025.0
altamira,-3.2033,-52.2064,296.11,98.0,100.0,0.86,BR,1619569025.0
concarneau,47.875,-3.9225,282.15,87.0,0.0,5.14,FR,1619569026.0
marzuq,14.4,46.4667,295.82,65.0,98.0,1.02,YE,1619569026.0
guerrero negro,27.9769,-114.0611,290.98,61.0,1.0,7.16,MX,1619569027.0
cervo,43.6702,-7.4101,284.82,83.0,96.0,3.4,ES,1619569028.0
husavik,66.0449,-17.3389,277.15,75.0,0.0,1.54,IS,1619568827.0
san blas,21.5167,-105.2667,300.15,44.0,75.0,5.14,MX,1619569028.0
prestea,5.4327,-2.1428,298.35,94.0,82.0,0.72,GH,1619568977.0
provideniya,64.3833,-173.3,272.15,93.0,75.0,5.0,RU,1619569029.0
comodoro rivadavia,-45.8667,-67.5,293.15,52.0,0.0,4.12,AR,1619568792.0
yulara,-25.2406,130.9889,292.15,37.0,0.0,5.14,AU,1619569029.0
ximei,24.9639,118.3794,294.15,100.0,90.0,1.0,CN,1619569030.0
pacific grove,36.6177,-121.9166,291.15,48.0,1.0,5.14,US,1619569030.0
nhulunbuy,-12.2333,136.7667,300.15,89.0,75.0,5.66,AU,1619569031.0
kodinsk,58.6881,99.1844,272.95,72.0,6.0,1.44,RU,1619569031.0
chapais,49.7834,-74.8492,284.15,46.0,90.0,3.09,CA,1619568910.0
padang,-0.9492,100.3543,298.15,94.0,40.0,1.03,ID,1619568739.0
rawson,-43.3002,-65.1023,292.28,36.0,94.0,4.57,AR,1619569032.0
oil city,41.4339,-79.7064,297.15,33.0,1.0,4.63,US,1619569032.0
namibe,-15.1961,12.1522,297.15,68.0,18.0,3.41,AO,1619569033.0
san quintin,30.4833,-115.95,288.5,64.0,82.0,8.27,MX,1619568786.0
ixtapa,20.7,-105.2,300.15,74.0,75.0,6.69,MX,1619569033.0
grand gaube,-20.0064,57.6608,298.15,83.0,100.0,3.58,MU,1619568886.0
san patricio,28.017,-97.5169,298.71,88.0,90.0,7.72,US,1619568774.0
braganca,-1.0536,-46.7656,296.76,93.0,100.0,0.78,BR,1619569034.0
narkevychi,49.5172,26.6418,274.56,61.0,0.0,1.82,UA,1619569034.0
nianzishan,47.5167,122.8833,281.56,34.0,23.0,6.27,CN,1619569035.0
kotri,25.366,68.3122,299.01,69.0,0.0,4.3,PK,1619569035.0
lasa,46.6166,10.7002,282.04,87.0,75.0,4.12,IT,1619569036.0
tilichiki,60.4667,166.1,270.75,78.0,100.0,3.68,RU,1619569036.0
andenes,69.3143,16.1194,272.15,86.0,20.0,2.06,NO,1619568896.0
cidreira,-30.1811,-50.2056,288.61,74.0,1.0,3.8,BR,1619569037.0
nambucca heads,-30.65,153.0,295.37,60.0,88.0,7.2,AU,1619569037.0
mayo,38.8876,-76.5119,295.37,53.0,1.0,3.6,US,1619569058.0
puerto escondido,15.85,-97.0667,302.15,70.0,1.0,2.06,MX,1619569058.0
krasnoselkup,65.7,82.4667,273.27,98.0,100.0,3.76,RU,1619569059.0
la palma,33.8464,-118.0467,294.15,48.0,20.0,6.17,US,1619569059.0
fairbanks,64.8378,-147.7164,282.04,18.0,1.0,4.12,US,1619568926.0
maarianhamina,60.0973,19.9348,268.15,100.0,0.0,0.51,AX,1619569060.0
yongan,39.6957,113.6871,280.18,35.0,3.0,6.16,CN,1619569060.0
bima,-8.4667,118.7167,299.04,75.0,7.0,1.68,ID,1619569061.0
scarborough,54.2797,-0.4044,278.71,86.0,97.0,1.34,GB,1619568901.0
dunedin,-45.8742,170.5036,286.48,47.0,78.0,1.79,NZ,1619569061.0
linjiang,41.8069,126.9078,284.84,44.0,27.0,5.19,CN,1619569062.0
mercedes,-34.6515,-59.4307,288.71,66.0,1.0,0.89,AR,1619569062.0
ishigaki,24.3448,124.1572,297.15,73.0,75.0,4.63,JP,1619569062.0
sao felix do xingu,-6.6447,-51.995,296.36,95.0,99.0,0.82,BR,1619568849.0
kakonko,-3.2828,30.9642,290.95,96.0,97.0,1.27,TZ,1619569063.0
chumikan,54.7183,135.315,273.02,96.0,100.0,6.58,RU,1619568870.0
pafos,34.7667,32.4167,288.15,72.0,0.0,2.57,CY,1619569064.0
ugoofaaru,5.6667,73.0,301.68,73.0,91.0,2.88,MV,1619568915.0
sao filipe,14.8961,-24.4956,295.66,76.0,14.0,4.76,CV,1619569064.0
gizo,-8.103,156.8419,300.97,74.0,97.0,3.69,SB,1619569065.0
goderich,43.7501,-81.7165,290.15,63.0,100.0,1.03,CA,1619569065.0
nangomba,-10.9,38.5,294.33,98.0,56.0,0.43,TZ,1619569065.0
aktau,43.65,51.2,282.15,93.0,0.0,6.0,KZ,1619569066.0
zhigansk,66.7697,123.3711,263.73,85.0,18.0,2.33,RU,1619568819.0
nguru,12.8791,10.4526,303.84,12.0,51.0,3.89,NG,1619569067.0
atbasar,51.8,68.3333,286.47,77.0,100.0,6.85,KZ,1619568809.0
taoudenni,22.6783,-3.9836,306.39,15.0,44.0,4.4,ML,1619569067.0
hervey bay,-25.2986,152.8535,294.82,76.0,13.0,2.68,AU,1619569068.0
port-gentil,-0.7193,8.7815,300.15,89.0,40.0,1.54,GA,1619569068.0
una,20.8167,71.0333,299.85,60.0,0.0,3.45,IN,1619569069.0
tandil,-37.3217,-59.1332,286.48,84.0,1.0,2.49,AR,1619569069.0
saint anthony,45.0205,-93.21799999999999,281.15,87.0,90.0,3.6,US,1619569070.0
san cristobal,7.7669,-72.225,299.15,100.0,40.0,1.03,VE,1619569070.0
kushiro,42.975,144.3747,285.15,40.0,75.0,4.12,JP,1619569070.0
waipawa,-41.4122,175.5153,287.04,58.0,90.0,2.57,NZ,1619568905.0
nelson bay,-32.7167,152.15,293.71,77.0,40.0,1.54,AU,1619569071.0
dukat,62.55,155.55,269.55,68.0,1.0,1.69,RU,1619569071.0
clifton,40.8584,-74.1638,290.15,47.0,1.0,2.34,US,1619569008.0
fuling,29.7022,107.3919,292.74,84.0,100.0,0.65,CN,1619569072.0
mount gambier,-37.8333,140.7667,285.15,100.0,90.0,2.57,AU,1619569073.0
sao joao da barra,-21.6403,-41.0511,294.86,94.0,92.0,2.99,BR,1619569073.0
daru,-9.0763,143.2092,301.35,77.0,94.0,2.37,PG,1619569074.0
moose factory,51.2585,-80.6094,278.15,60.0,1.0,3.09,CA,1619569074.0
paros,37.0833,25.15,291.15,42.0,85.0,3.6,GR,1619569074.0
altagracia de orituco,9.8601,-66.3814,297.51,76.0,100.0,1.96,VE,1619569075.0
smithers,54.7804,-127.1743,281.15,66.0,90.0,2.57,CA,1619568903.0
glenwood springs,39.5505,-107.3248,282.04,93.0,99.0,2.57,US,1619569033.0
pervomayskoye,43.919,46.7102,281.87,77.0,89.0,2.96,RU,1619569076.0
sampit,-2.5333,112.95,298.15,92.0,100.0,0.71,ID,1619569076.0
bayangol,50.6977,103.4656,272.29,69.0,81.0,0.72,RU,1619569097.0
calvinia,-31.4707,19.776,285.41,72.0,81.0,2.18,ZA,1619569097.0
terra santa,-2.1042,-56.4869,297.06,96.0,99.0,0.11,BR,1619569098.0
severo-kurilsk,50.6789,156.125,274.31,96.0,100.0,7.7,RU,1619569098.0
norsup,-16.0667,167.3833,300.07,68.0,68.0,5.76,VU,1619569099.0
maryville,35.7565,-83.9705,298.15,47.0,75.0,5.66,US,1619568948.0
baft,29.234,56.6057,287.68,32.0,75.0,0.84,IR,1619569100.0
anage,-14.6122,-41.1356,296.09,56.0,7.0,1.5,BR,1619569100.0
marrakesh,31.6315,-8.0083,290.15,72.0,75.0,2.57,MA,1619569100.0
krugersdorp,-26.0858,27.7752,287.04,50.0,6.0,2.21,ZA,1619569101.0
fort-shevchenko,44.5086,50.263000000000005,285.61,76.0,98.0,4.64,KZ,1619569101.0
novikovo,51.1537,37.8879,276.0,69.0,100.0,2.49,RU,1619569101.0
port moresby,-9.4431,147.1797,300.15,83.0,40.0,2.57,PG,1619569102.0
eregli,37.5133,34.0467,287.55,38.0,61.0,1.11,TR,1619569102.0
tahta,26.7693,31.5021,296.15,31.0,0.0,5.14,EG,1619569103.0
port elizabeth,-33.918,25.5701,289.15,88.0,75.0,3.6,ZA,1619569103.0
prince rupert,54.3161,-130.3201,281.15,87.0,90.0,7.2,CA,1619568916.0
contamana,-7.3333,-75.0167,294.42,93.0,94.0,1.08,PE,1619569104.0
kastamonu,41.5,33.6667,281.64,64.0,61.0,0.68,TR,1619569105.0
arica,-18.475,-70.3042,292.15,72.0,0.0,1.03,CL,1619569105.0
yar-sale,66.8333,70.8333,272.31,93.0,100.0,0.31,RU,1619569106.0
katsuura,35.1333,140.3,293.15,68.0,75.0,7.72,JP,1619569106.0
sorland,67.667,12.6934,275.74,64.0,88.0,6.29,NO,1619569107.0
buraydah,26.326,43.975,300.15,39.0,40.0,2.57,SA,1619569107.0
hohhot,40.8106,111.6522,275.15,64.0,0.0,1.0,CN,1619568911.0
san policarpo,12.1791,125.5072,300.22,71.0,96.0,3.37,PH,1619569108.0
adrar,20.5022,-10.0711,302.38,17.0,66.0,5.46,MR,1619569108.0
corinto,37.9407,22.9573,287.04,63.0,34.0,0.6,GR,1619569035.0
bhakkar,31.6253,71.0657,301.36,28.0,51.0,1.29,PK,1619569109.0
kuminskiy,58.6667,66.5667,276.8,75.0,100.0,1.86,RU,1619569109.0
snellville,33.8573,-84.0199,297.15,53.0,1.0,2.57,US,1619569110.0
upernavik,72.7868,-56.1549,271.38,90.0,62.0,5.55,GL,1619569110.0
windsor,42.3001,-83.0165,300.15,46.0,1.0,4.12,CA,1619568859.0
konstantinovka,49.6167,127.9833,285.74,39.0,100.0,3.22,RU,1619569111.0
abu samrah,35.3029,37.1841,287.25,76.0,0.0,3.38,SY,1619569111.0
coquimbo,-29.9533,-71.3436,287.15,88.0,0.0,2.57,CL,1619569112.0
viedma,-40.8135,-62.9967,292.23,56.0,21.0,4.31,AR,1619569042.0
nueva gorgona,8.55,-79.8667,302.15,58.0,20.0,5.14,PA,1619569112.0
minna,9.6139,6.5569,301.71,63.0,87.0,3.16,NG,1619569114.0
korla,41.7597,86.1469,287.52,35.0,21.0,1.78,CN,1619569115.0
wanxian,30.8039,108.3897,291.67,90.0,100.0,2.77,CN,1619569115.0
toowoomba,-27.55,151.9667,294.15,52.0,20.0,6.69,AU,1619569116.0
harrisonburg,38.4496,-78.8689,299.15,38.0,1.0,4.63,US,1619569116.0
lambarene,-0.7001,10.2406,297.78,95.0,100.0,0.89,GA,1619569137.0
sao miguel do araguaia,-13.275,-50.1628,298.09,66.0,46.0,1.61,BR,1619569137.0
paka,4.6374,103.4368,298.15,94.0,20.0,1.81,MY,1619569138.0
belem de sao francisco,-8.7539,-38.9658,299.53,60.0,56.0,6.82,BR,1619569138.0
srednebelaya,50.6594,128.0106,281.15,57.0,40.0,2.86,RU,1619569139.0
kayankulam,9.1833,76.5,299.43,84.0,36.0,1.17,IN,1619569139.0
kirakira,-10.4544,161.9205,302.46,65.0,85.0,1.41,SB,1619569140.0
alofi,-19.0595,-169.9187,301.0,79.0,95.0,10.74,NU,1619568893.0
bayevo,53.2833,80.7667,284.49,66.0,100.0,6.62,RU,1619569140.0
moundsville,39.9203,-80.7431,299.15,31.0,1.0,5.14,US,1619569141.0
faya,18.3851,42.4509,288.15,82.0,0.0,1.39,SA,1619569141.0
istanbul,41.0351,28.9833,285.15,71.0,0.0,2.57,TR,1619568414.0
inverness,57.4791,-4.224,279.26,87.0,90.0,4.12,GB,1619569142.0
nazas,25.2333,-104.1333,303.29,25.0,100.0,10.38,MX,1619569142.0
urdoma,61.7533,48.5442,275.92,95.0,100.0,1.42,RU,1619569143.0
yerbogachen,61.2767,108.0108,270.16,67.0,33.0,1.0,RU,1619569143.0
airai,-8.9266,125.4092,292.96,42.0,31.0,0.76,TL,1619569144.0
barraute,48.4335,-77.6328,284.15,28.0,90.0,1.54,CA,1619569045.0
okhotsk,59.3833,143.3,271.65,81.0,91.0,0.68,RU,1619569144.0
basse,52.5518,9.5069,279.15,49.0,4.0,2.06,DE,1619569145.0
alcala de henares,40.4821,-3.36,284.26,100.0,0.0,1.03,ES,1619569145.0
sayula,19.8667,-103.6167,301.15,51.0,40.0,5.14,MX,1619569146.0
kungurtug,50.5994,97.5228,272.99,78.0,100.0,0.74,RU,1619569146.0
zhongshu,24.5167,103.7667,287.03,95.0,100.0,1.58,CN,1619569146.0
constitucion,-35.3333,-72.4167,287.2,75.0,42.0,4.07,CL,1619569147.0
kroya,-7.6331,109.2461,300.07,77.0,75.0,3.2,ID,1619569147.0
roald,62.5833,6.1333,275.15,87.0,40.0,3.09,NO,1619569148.0
xuanwu,32.069,118.8138,289.15,100.0,21.0,1.0,CN,1619569148.0
alamosa,37.4695,-105.87,285.15,22.0,1.0,8.75,US,1619569149.0
paita,-5.0892,-81.1144,294.53,78.0,81.0,6.82,PE,1619569149.0
broome,42.2506,-75.833,292.15,37.0,1.0,2.06,US,1619569150.0
ostrovnoy,68.0531,39.5131,268.15,87.0,100.0,3.43,RU,1619569150.0
moba,33.2288,105.0179,279.57,53.0,22.0,2.19,CN,1619569151.0
nsukka,6.8561,7.3927,296.64,91.0,89.0,2.49,NG,1619569151.0
jiujiang,29.7333,115.9833,291.05,89.0,98.0,1.52,CN,1619569151.0
keti bandar,24.1447,67.4497,299.38,82.0,0.0,4.25,PK,1619569152.0
matam,15.6175,-13.3303,304.15,29.0,0.0,5.14,SN,1619569152.0
yicheng,31.3705,119.8703,288.71,99.0,14.0,0.45,CN,1619569153.0
jacksonville,30.3322,-81.6556,296.48,64.0,40.0,5.66,US,1619568518.0
sobolevo,54.4299,31.8996,274.51,98.0,99.0,3.3,RU,1619569153.0
khasan,42.4308,130.6434,284.78,61.0,85.0,3.45,RU,1619569154.0
richards bay,-28.783,32.0377,295.94,83.0,76.0,5.61,ZA,1619569154.0
rocha,-34.4833,-54.3333,284.14,87.0,0.0,1.91,UY,1619569154.0
harnosand,62.6323,17.9379,274.82,93.0,20.0,1.03,SE,1619569155.0
takoradi,4.8845,-1.7554,300.86,85.0,84.0,4.08,GH,1619569157.0
isangel,-19.55,169.2667,299.15,73.0,40.0,4.12,VU,1619569158.0
beringovskiy,63.05,179.3167,273.68,98.0,100.0,1.61,RU,1619568905.0
la paz,-16.5,-68.15,281.15,53.0,75.0,2.57,BO,1619569178.0
flinders,-34.5833,150.8552,293.71,76.0,91.0,0.45,AU,1619569179.0
lazaro cardenas,17.9583,-102.2,301.16,64.0,7.0,5.23,MX,1619569179.0
gallatin,45.6666,-111.2008,288.71,26.0,1.0,1.54,US,1619569180.0
serenje,-13.2325,30.2352,288.87,90.0,68.0,1.85,ZM,1619569180.0
faridkot,30.6667,74.75,300.34,16.0,13.0,0.79,IN,1619569181.0
sindor,62.8629,51.8905,275.4,98.0,100.0,0.47,RU,1619569181.0
orchard homes,46.8633,-114.0484,289.26,29.0,75.0,6.69,US,1619569097.0
mahibadhoo,3.7833,72.9667,301.41,74.0,85.0,3.05,MV,1619569182.0
seoul,37.5683,126.9778,288.15,82.0,75.0,2.57,KR,1619568732.0
suba,10.8438,121.0102,301.1,74.0,38.0,6.84,PH,1619569183.0
mnogovershinnyy,53.9353,139.9242,278.1,70.0,98.0,1.72,RU,1619569184.0
kargasok,59.0556,80.8572,276.08,92.0,82.0,1.24,RU,1619569184.0
deputatskiy,69.3,139.9,265.75,88.0,100.0,2.17,RU,1619569184.0
houlton,46.1262,-67.8403,283.15,53.0,75.0,4.12,US,1619569185.0
mahajanga,-15.7167,46.3167,297.15,100.0,20.0,2.06,MG,1619569185.0
komsomolsk,49.0097,33.6455,275.43,88.0,62.0,0.81,UA,1619569186.0
naze,28.3667,129.4833,295.15,64.0,75.0,4.63,JP,1619569186.0
buchanan,5.8808,-10.0467,296.15,94.0,75.0,2.57,LR,1619569186.0
shima,24.4478,117.8111,294.15,100.0,90.0,1.0,CN,1619569187.0
luanda,-8.8368,13.2343,297.15,88.0,75.0,4.63,AO,1619568899.0
turukhansk,65.8167,87.9833,274.86,89.0,100.0,7.61,RU,1619569187.0
mogadishu,2.0371,45.3438,300.97,77.0,45.0,4.44,SO,1619569188.0
lata,40.1629,-8.3327,288.15,86.0,64.0,1.39,PT,1619569188.0
lewisville,33.0462,-96.9942,297.59,78.0,90.0,9.26,US,1619568938.0
kenai,60.5544,-151.2583,289.15,26.0,1.0,5.66,US,1619569189.0
hasaki,35.7333,140.8333,294.15,56.0,75.0,6.17,JP,1619569189.0
kandi,11.1342,2.9386,302.79,43.0,50.0,3.16,BJ,1619569190.0
ayagoz,47.9714,80.4392,284.53,49.0,70.0,1.4,KZ,1619569190.0
andros town,24.7,-77.7667,298.15,69.0,40.0,6.69,BS,1619569191.0
genhe,50.7833,121.5167,275.18,64.0,100.0,1.65,CN,1619569191.0
jalapa,19.5333,-96.9167,296.97,65.0,41.0,2.11,MX,1619569103.0
shingu,33.7333,135.9833,291.15,77.0,75.0,6.17,JP,1619569192.0
surab,28.4914,66.2585,291.41,27.0,78.0,1.83,PK,1619569192.0
sioux lookout,50.1001,-91.917,286.15,38.0,20.0,1.03,CA,1619569193.0
margate,51.3813,1.3862,280.93,84.0,7.0,0.89,GB,1619569193.0
beloha,-25.1667,45.05,295.08,67.0,11.0,2.6,MG,1619569193.0
san-pedro,4.7485,-6.6363,299.4,90.0,89.0,3.04,CI,1619569194.0
kalianget,-7.05,113.9333,300.8,70.0,79.0,5.59,ID,1619569195.0
latung,5.5,120.8833,301.01,76.0,43.0,3.15,PH,1619569195.0
ilo,-17.6394,-71.3375,292.48,81.0,77.0,2.71,PE,1619569196.0
meulaboh,4.1363,96.1285,298.31,89.0,96.0,2.38,ID,1619569196.0
murchison,-41.8,172.3333,284.93,62.0,99.0,0.54,NZ,1619569197.0
zhangjiakou,40.81,114.8794,282.57,22.0,1.0,6.08,CN,1619569197.0
kommunar,59.6206,30.39,275.15,75.0,75.0,1.0,RU,1619569198.0
bubaque,11.2833,-15.8333,299.01,68.0,38.0,8.17,GW,1619569198.0
vila velha,-20.3297,-40.2925,298.15,83.0,90.0,2.57,BR,1619569198.0
comarapa,-17.9,-64.4833,283.69,94.0,55.0,1.24,BO,1619569219.0
medicine hat,50.0501,-110.6683,292.59,15.0,40.0,2.06,CA,1619569219.0
saint-leu,-21.15,55.2833,298.15,78.0,90.0,3.09,RE,1619569220.0
goure,13.9835,10.2704,301.62,11.0,11.0,4.83,NE,1619569220.0
esna,25.2934,32.554,295.15,24.0,0.0,1.03,EG,1619569221.0
port augusta,-32.5,137.7667,291.15,77.0,54.0,2.57,AU,1619569221.0
ondangwa,-17.9167,15.95,293.15,49.0,19.0,1.54,,1619569222.0
patitirion,39.15,23.8667,285.37,89.0,86.0,2.24,GR,1619569222.0
tommot,58.9564,126.2925,268.06,89.0,100.0,2.92,RU,1619569223.0
petropavlovsk-kamchatskiy,53.0452,158.6483,279.15,87.0,40.0,5.0,RU,1619569223.0
goedereede,51.8175,3.9806,282.04,54.0,8.0,5.88,NL,1619569224.0
fonte boa,-2.4959,-66.2662,296.36,98.0,88.0,0.58,BR,1619569225.0
manga,11.6636,-1.0731,302.45,52.0,95.0,5.72,BF,1619569225.0
kasiri,8.9412,-13.1148,298.93,71.0,81.0,1.46,SL,1619569226.0
bac lieu,9.285,105.7244,301.57,71.0,100.0,3.14,VN,1619569226.0
avsyunino,55.5652,39.1232,276.15,87.0,0.0,4.0,RU,1619569227.0
bulawayo,-20.15,28.5833,292.09,36.0,85.0,2.99,ZW,1619569227.0
springbok,-29.6643,17.8865,287.14,44.0,100.0,1.5,ZA,1619569228.0
vestmannaeyjar,63.4427,-20.2734,279.84,79.0,32.0,9.0,IS,1619569228.0
port hueneme,34.1478,-119.1951,292.15,63.0,20.0,7.72,US,1619569229.0
adelaide,-34.9333,138.6,291.48,67.0,0.0,1.54,AU,1619569009.0
port lincoln,-34.7333,135.8667,291.97,53.0,91.0,1.32,AU,1619569229.0
iracoubo,5.4802,-53.2011,297.22,89.0,100.0,2.59,GF,1619569230.0
ilulissat,69.2167,-51.1,275.15,69.0,90.0,1.64,GL,1619569231.0
celestun,20.8667,-90.4,303.68,58.0,4.0,8.06,MX,1619569231.0
leoben,47.3461,15.1257,279.82,93.0,90.0,0.92,AT,1619569231.0
zavodouspenskoye,56.8626,65.0155,281.15,39.0,20.0,4.0,RU,1619569232.0
araouane,18.9048,-3.5265,306.01,10.0,11.0,4.02,ML,1619569232.0
paamiut,61.994,-49.6678,275.24,85.0,2.0,5.06,GL,1619569233.0
majene,-3.5403,118.9707,299.91,82.0,93.0,2.4,ID,1619569233.0
tete,-16.1564,33.5867,296.15,78.0,0.0,1.5,MZ,1619569234.0
noumea,-22.2763,166.4572,298.15,53.0,20.0,7.72,NC,1619569234.0
hun,29.1268,15.9477,300.68,12.0,7.0,4.55,LY,1619569235.0
prachuap khiri khan,12.2167,99.75,300.93,94.0,20.0,1.54,TH,1619569205.0
lai,9.3952,16.2989,303.4,40.0,75.0,1.82,TD,1619569235.0
mo i rana,66.3128,14.1428,273.71,80.0,99.0,2.24,NO,1619569236.0
mecca,21.4267,39.8261,300.59,42.0,33.0,1.61,SA,1619569057.0
cam ranh,11.9214,109.1591,301.15,74.0,20.0,2.57,VN,1619569236.0
hit,33.6416,42.8251,296.33,29.0,0.0,2.44,IQ,1619569028.0
wahiawa,21.5028,-158.0236,300.37,54.0,1.0,3.6,US,1619569237.0
chalchihuites,23.4833,-103.8833,295.63,30.0,83.0,11.08,MX,1619569238.0
gelibolu,40.4103,26.6708,283.15,87.0,0.0,2.06,TR,1619569238.0
souillac,-20.5167,57.5167,297.15,94.0,75.0,4.63,MU,1619569238.0
cedral,23.8,-100.7333,303.65,15.0,99.0,8.55,MX,1619569239.0
coxim,-18.5067,-54.76,296.63,50.0,2.0,2.85,BR,1619569240.0
dolinsk,47.35,142.8,279.15,93.0,75.0,4.0,RU,1619569240.0
bastia,42.6667,9.3333,287.04,94.0,75.0,2.06,FR,1619569260.0
haines junction,60.7522,-137.5108,276.15,25.0,26.0,3.6,CA,1619569261.0
edmundston,47.3737,-68.3251,281.15,66.0,99.0,2.06,CA,1619569262.0
ushtobe,45.2514,77.9838,287.44,32.0,3.0,1.92,KZ,1619569262.0
praia da vitoria,38.7333,-27.0667,288.15,88.0,75.0,4.62,PT,1619569262.0
cabatuan,10.8794,122.486,299.58,75.0,86.0,4.62,PH,1619569263.0
lamu,-2.2717,40.902,299.87,81.0,45.0,4.26,KE,1619569263.0
saint-denis,48.9167,2.3333,284.82,57.0,0.0,1.54,FR,1619569264.0
marsabit,2.3284,37.9899,293.77,66.0,92.0,5.18,KE,1619569264.0
vanavara,60.34,102.2797,270.91,69.0,17.0,1.28,RU,1619569265.0
jerez,14.1,-89.75,300.15,54.0,90.0,3.09,GT,1619569265.0
malanje,-9.5402,16.340999999999998,291.11,90.0,58.0,0.54,AO,1619569266.0
batak,41.95,24.2167,286.48,71.0,32.0,3.6,BG,1619569266.0
hambantota,6.1241,81.1185,299.53,85.0,86.0,4.32,LK,1619569267.0
zyryanka,65.75,150.85,271.32,81.0,18.0,5.97,RU,1619569267.0
kabare,-2.4683,28.8242,289.15,96.0,100.0,0.4,CD,1619569268.0
kavieng,-2.5744,150.7967,302.0,71.0,54.0,3.05,PG,1619569268.0
vao,-22.6667,167.4833,296.35,52.0,61.0,6.9,NC,1619569269.0
partizanskoye,55.5006,94.39,277.15,93.0,100.0,2.12,RU,1619569269.0
grindavik,63.8424,-22.4338,279.15,100.0,90.0,2.06,IS,1619569270.0
cochrane,51.1834,-114.4687,283.71,34.0,75.0,5.14,CA,1619569159.0
semypolky,50.7167,30.9333,275.93,80.0,0.0,2.0,UA,1619569270.0
kauhajoki,62.4333,22.1833,269.82,93.0,0.0,0.51,FI,1619569271.0
komsomolskiy,40.4272,71.7189,290.15,39.0,0.0,4.12,UZ,1619569271.0
nyrob,60.733000000000004,56.7202,275.98,93.0,99.0,1.62,RU,1619569272.0
santa maria,-29.6842,-53.8069,284.15,100.0,0.0,0.51,BR,1619569272.0
mahina,-17.5065,-149.489,303.15,66.0,75.0,4.63,PF,1619569272.0
guna,24.65,77.3167,299.62,18.0,0.0,2.45,IN,1619569273.0
sydney,-33.8679,151.2073,294.82,64.0,75.0,2.06,AU,1619568813.0
akdepe,42.0551,59.3788,291.15,42.0,0.0,3.09,TM,1619569274.0
zabid,14.1951,43.3152,303.68,53.0,94.0,2.3,YE,1619569274.0
pangai,-19.8,-174.35,297.15,100.0,90.0,4.12,TO,1619569274.0
hobyo,5.3505,48.5268,301.79,73.0,20.0,4.84,SO,1619569275.0
la asuncion,11.0333,-63.8628,300.15,74.0,99.0,6.17,VE,1619569275.0
toktogul,41.8708,72.9402,287.1,47.0,1.0,1.98,KG,1619569030.0
oksfjord,70.2396,22.3479,272.04,93.0,75.0,1.54,NO,1619569276.0
yelan,50.949,43.7378,277.05,78.0,100.0,2.64,RU,1619569276.0
atar,20.5169,-13.0499,301.0,23.0,84.0,2.09,MR,1619569277.0
yangcun,39.3639,117.0603,291.15,20.0,0.0,4.0,CN,1619569277.0
popondetta,-8.7537,148.2534,302.7,65.0,97.0,1.36,PG,1619569277.0
otane,-39.8833,176.6333,287.59,60.0,63.0,0.89,NZ,1619569278.0
vostok,46.4856,135.8833,279.0,70.0,100.0,2.07,RU,1619569278.0
cochirleanca,45.2167,27.0333,278.9,87.0,100.0,6.1,RO,1619569279.0
zhaotong,27.3167,103.7167,283.59,88.0,100.0,2.58,CN,1619569279.0
sitka,57.0531,-135.33,282.15,66.0,90.0,6.17,US,1619569299.0
guiglo,6.5456,-7.4966,296.4,98.0,100.0,1.0,CI,1619569300.0
ratholo,-22.7245,27.572,291.04,22.0,0.0,0.49,BW,1619569300.0
disna,55.568000000000005,28.1971,275.74,94.0,99.0,3.15,BY,1619569300.0
bagdarin,54.4333,113.6,267.6,51.0,100.0,3.94,RU,1619569301.0
mushie,-3.0167,16.9,296.26,92.0,87.0,1.3,CD,1619569301.0
vila do maio,15.1333,-23.2167,295.15,73.0,75.0,6.17,CV,1619569302.0
tuatapere,-46.1333,167.6833,283.17,77.0,96.0,2.13,NZ,1619569302.0
ransang,8.9603,117.5828,300.78,75.0,80.0,1.39,PH,1619569302.0
kolochava,48.4285,23.6959,272.15,88.0,86.0,2.04,UA,1619569303.0
razole,16.4833,81.8333,299.37,82.0,3.0,1.64,IN,1619569303.0
labuhan,-6.8844,112.2051,299.01,81.0,35.0,2.79,ID,1619569304.0
lensk,60.7253,114.9278,268.7,79.0,50.0,0.89,RU,1619569203.0
dhamtari,20.7072,81.5497,297.68,19.0,1.0,1.61,IN,1619569304.0
olafsvik,64.8945,-23.7142,279.95,74.0,100.0,1.7,IS,1619569304.0
bathsheba,13.2167,-59.5167,299.15,65.0,40.0,5.14,BB,1619569305.0
magadan,59.5667,150.8,270.55,74.0,12.0,1.08,RU,1619569305.0
barra dos coqueiros,-10.9089,-37.0386,301.15,74.0,40.0,4.63,BR,1619569306.0
port macquarie,-31.4333,152.9167,295.37,65.0,30.0,0.45,AU,1619569306.0
pangkalanbuun,-2.6833,111.6167,297.28,95.0,100.0,0.86,ID,1619569306.0
muroto,33.2833,134.15,289.15,94.0,75.0,1.54,JP,1619569307.0
chimbote,-9.0853,-78.5783,291.86,90.0,76.0,3.11,PE,1619569307.0
dahegam,23.1667,72.8167,303.15,30.0,40.0,1.54,IN,1619569308.0
issenye,-2.0,34.3333,289.22,95.0,34.0,1.48,TZ,1619569308.0
igarka,67.4667,86.5833,273.55,86.0,100.0,6.4,RU,1619569308.0
filadelfia,39.9523,-75.1638,295.37,46.0,75.0,2.06,US,1619569057.0
